{"cameraMode":{"drawMode":0,"name":"Shaded","section":"Shading Mode"},"sceneLighting":false,"audioPlay":false,"sceneViewState":{"m_AlwaysRefresh":false,"showFog":true,"showSkybox":false,"showFlares":true,"showImageEffects":true,"showParticleSystems":true,"showVisualEffectGraphs":true,"m_FxEnabled":true},"in2DMode":false,"pivot":{"x":4.260000228881836,"y":1.7300000190734864,"z":-0.36000025272369387},"rotation":{"x":-0.3775987923145294,"y":0.02138429880142212,"z":-0.008723348379135132,"w":-0.9256841540336609},"size":1.2247449159622193,"orthographic":false}