{"cameraMode":{"drawMode":0,"name":"Shaded","section":"Shading Mode"},"sceneLighting":true,"audioPlay":false,"sceneViewState":{"m_AlwaysRefresh":false,"showFog":true,"showSkybox":true,"showFlares":true,"showImageEffects":true,"showParticleSystems":true,"showVisualEffectGraphs":true,"m_FxEnabled":true},"in2DMode":false,"pivot":{"x":0.6600214838981628,"y":32.82530212402344,"z":24.160552978515626},"rotation":{"x":0.011897191405296326,"y":0.8680965900421143,"z":-0.4958992600440979,"w":0.020822793245315553},"size":4.464223384857178,"orthographic":true}