{"cameraMode":{"drawMode":0,"name":"Shaded","section":"Shading Mode"},"sceneLighting":true,"audioPlay":false,"sceneViewState":{"m_AlwaysRefresh":false,"showFog":true,"showSkybox":true,"showFlares":true,"showImageEffects":true,"showParticleSystems":true,"showVisualEffectGraphs":true,"m_FxEnabled":true},"in2DMode":false,"pivot":{"x":4.2027997970581059,"y":5.976532936096191,"z":-5.5249552726745609},"rotation":{"x":-0.2752108573913574,"y":0.0567733496427536,"z":-0.016283169388771058,"w":-0.9595690369606018},"size":3.2743730545043947,"orthographic":false}